u,v
-0.2211,1.1227
-0.8051,-0.1044
nan,nan
-0.2211,1.1227
-0.7952,-0.2089
nan,nan
-0.2211,1.1227
-0.3989,0.6597
nan,nan
-0.2211,1.1227
-0.7185,-0.1777
nan,nan
-0.2211,1.1227
-0.0465,1.5511
nan,nan
-0.2211,1.1227
-0.2192,1.3297
nan,nan
-0.2211,1.1227
-0.0426,1.7497
nan,nan
-0.2211,1.1227
-0.1470,1.2083
nan,nan
-0.2211,1.1227
-0.0913,1.4998
nan,nan
-0.2211,1.1227
-0.5630,-0.0142
nan,nan
-0.2211,1.1227
-0.9035,-0.3441
nan,nan
-0.2211,1.1227
0.2328,2.3456
nan,nan
-0.2211,1.1227
-0.5564,0.1376
nan,nan
-0.2211,1.1227
-0.5382,0.2259
nan,nan
-0.2211,1.1227
-0.7991,-0.0139
nan,nan
-0.2211,1.1227
0.1837,2.2707
nan,nan
-0.2211,1.1227
-0.6630,-0.0850
nan,nan
-0.2211,1.1227
-0.1686,1.2149
nan,nan
-0.2211,1.1227
-0.6496,0.0545
nan,nan
-0.2211,1.1227
0.0650,1.7347
nan,nan
-0.2211,1.1227
-0.1364,1.3858
nan,nan
-0.2211,1.1227
-0.1070,1.2907
nan,nan
-0.2211,1.1227
0.0535,1.6408
nan,nan
-0.2211,1.1227
-0.4042,0.7479
nan,nan
-0.2211,1.1227
-0.0182,1.9422
nan,nan
-0.2211,1.1227
0.0882,1.6900
nan,nan
-0.2211,1.1227
-0.4447,0.3988
nan,nan
-0.2211,1.1227
-0.3445,0.8962
nan,nan
-0.2211,1.1227
-0.7342,0.0139
nan,nan
-0.2211,1.1227
-0.0887,1.4331
nan,nan
-0.2211,1.1227
-0.5639,0.3471
nan,nan
-0.2211,1.1227
-0.5833,0.2739
nan,nan
-0.2211,1.1227
-0.2484,0.8393
nan,nan
-0.2211,1.1227
-0.1887,1.2094
nan,nan
-0.2211,1.1227
-0.6754,-0.0734
nan,nan
-0.2211,1.1227
-0.0321,1.4526
nan,nan
-0.2211,1.1227
-0.0258,1.5351
nan,nan
-0.2211,1.1227
-0.2424,1.1847
nan,nan
-0.2211,1.1227
0.1716,1.9948
nan,nan
-0.2211,1.1227
0.0895,1.9693
nan,nan
-0.2211,1.1227
-0.7077,0.0483
nan,nan
-0.2211,1.1227
0.2222,2.4076
nan,nan
-0.2211,1.1227
-0.1761,0.9330
nan,nan
-0.2211,1.1227
-0.1957,1.2963
nan,nan
-0.2211,1.1227
0.2294,2.1219
nan,nan
-0.2211,1.1227
0.0182,1.8029
nan,nan
-0.2211,1.1227
-0.8420,-0.2104
nan,nan
-0.2211,1.1227
-0.6790,0.2508
nan,nan
-0.2211,1.1227
-0.6552,0.0441
nan,nan
-0.2211,1.1227
0.0986,1.8580
nan,nan
-0.2211,1.1227
-0.7571,-0.0477
nan,nan
-0.2211,1.1227
-0.3291,1.1604
nan,nan
-0.2211,1.1227
0.0879,1.9939
nan,nan
-0.2211,1.1227
-0.2681,1.0281
nan,nan
-0.2211,1.1227
-0.8446,-0.4490
nan,nan
-0.2211,1.1227
-0.1104,1.4330
nan,nan
-0.2211,1.1227
-0.2158,1.3541
nan,nan
-0.2211,1.1227
-0.1230,1.4958
nan,nan
-0.2211,1.1227
-0.2938,0.8542
nan,nan
-0.2211,1.1227
-0.2567,0.8983
nan,nan
-0.2211,1.1227
-0.6736,-0.0591
nan,nan
