phi,bad
64.55,0
132.71,1
133.82,1
132.58,1
66.68,0
68.99,0
134.65,1
69.07,0
67.82,0
134.74,1
132.57,1
132.6,1
133.97,1
89.47,0
74.11,0
132.32,1
133.12,1
49.14,0
71.0,0
73.26,0
65.05,0
69.63,0
71.21,0
70.53,0
133.71,1
134.71,1
132.69,1
133.05,1
133.3,1
132.95,1
63.05,0
133.92,1
70.57,0
69.9,0
60.34,0
134.1,1
132.05,1
133.91,1
68.14,0
64.94,0
72.15,0
55.81,0
62.08,0
63.97,0
76.1,0
132.23,1
133.79,1
61.4,0
72.84,0
61.43,0
65.17,0
66.9,0
66.16,0
133.34,1
66.89,0
84.5,0
131.56,1
69.48,0
69.2,0
133.54,1
60.19,0
64.66,0
108.91,0
65.76,0
132.96,1
69.85,0
65.63,0
70.96,0
103.36,0
81.68,0
65.73,0
133.21,1
70.61,0
65.03,0
133.13,1
132.51,1
62.29,0
68.08,0
66.5,0
65.4,0
132.31,1
160.72,0
70.47,0
132.79,1
132.77,1
133.58,1
63.59,0
133.95,1
68.36,0
70.36,0
134.49,1
88.69,0
133.45,1
75.26,0
74.86,0
80.99,0
69.05,0
132.82,1
131.18,1
