dir,RAShR,LMS,LTS,MM,RANSAC
0,0.0,76.66666666666667,100.0,100.0,6.666666666666667
30,3.3333333333333335,96.66666666666667,100.0,100.0,93.33333333333333
60,0.0,0.0,0.0,0.0,0.0
90,0.0,0.0,0.0,0.0,93.33333333333333
120,0.0,3.3333333333333335,53.333333333333336,53.333333333333336,90.0
150,0.0,36.666666666666664,90.0,90.0,10.0
180,0.0,70.0,100.0,100.0,20.0
210,13.333333333333334,100.0,100.0,100.0,80.0
240,0.0,0.0,0.0,0.0,0.0
270,0.0,0.0,0.0,0.0,96.66666666666667
300,0.0,0.0,40.0,40.0,96.66666666666667
330,0.0,26.666666666666668,86.66666666666667,86.66666666666667,10.0
