f,RAShR,LMS,LTS,MM,RANSAC
0.2,0.0,0.0,0.0,0.0,0.0
0.25,0.0,1.6666666666666667,1.6666666666666667,0.0,0.0
0.3,0.0,5.0,5.0,1.6666666666666667,0.0
0.35,0.0,3.3333333333333335,8.333333333333332,5.0,1.6666666666666667
0.36,0.0,1.6666666666666667,13.333333333333334,16.666666666666664,3.3333333333333335
0.38,0.0,11.666666666666666,35.0,31.666666666666664,1.6666666666666667
0.4,1.6666666666666667,21.666666666666668,58.333333333333336,53.333333333333336,8.333333333333332
0.42,1.6666666666666667,46.666666666666664,86.66666666666667,80.0,10.0
0.44,1.6666666666666667,78.33333333333333,100.0,96.66666666666667,21.666666666666668
0.46,8.333333333333332,98.33333333333333,100.0,100.0,46.666666666666664
