x,y
15.296,-10.404
15.689,-10.244
15.169,-10.345
15.186,-9.447
15.53,-9.702
15.009,-10.205
14.83,-10.028
15.063,-9.633
15.214,-10.509
14.988,-9.939
15.226,-9.89
15.223,-9.452
14.781,-9.943
15.178,-10.142
15.363,-10.195
15.154,-10.165
14.947,-9.553
15.251,-9.742
14.72,-10.172
14.802,-9.43
14.647,-10.024
14.983,-9.642
15.684,-10.46
15.01,-10.672
15.185,-9.93
14.964,-9.987
15.221,-10.107
14.631,-9.614
15.048,-10.268
14.841,-10.17
14.656,-9.784
14.764,-9.89
14.97,-9.72
15.523,-10.041
15.218,-9.542
15.038,-9.839
14.976,-10.063
14.697,-10.551
