i,theta,w,bad
0,60.27,21.06,0
1,124.74,27.52,1
2,130.59,28.61,1
3,127.72,32.22,1
4,68.05,17.28,0
5,68.62,13.23,0
6,143.08,47.86,1
7,68.43,11.29,0
8,68.45,19.41,0
9,148.42,43.79,1
10,130.34,37.81,1
11,130.08,37.66,1
12,125.63,39.93,1
13,66.66,39.87,0
14,72.33,20.9,0
15,126.27,29.43,1
16,125.81,37.54,1
17,73.02,24.4,0
18,73.87,23.68,0
19,62.63,55.02,0
20,63.09,11.49,0
21,68.47,7.67,0
22,64.48,27.73,0
23,67.18,20.4,0
24,131.81,39.37,1
25,67.73,15.07,0
26,143.12,47.79,1
27,127.89,33.7,1
28,127.51,33.62,1
29,127.86,31.51,1
30,129.08,34.68,1
31,45.11,46.25,0
32,124.49,32.41,1
33,70.38,7.87,0
34,75.9,33.64,0
35,69.22,18.19,0
36,146.0,42.62,1
37,141.4,44.8,1
38,125.16,26.86,1
39,63.92,19.84,0
40,64.85,19.82,0
41,65.67,24.68,0
42,69.25,26.87,0
43,64.89,26.85,0
44,66.9,11.67,0
45,75.81,26.26,0
46,145.56,40.79,1
47,122.64,34.44,1
48,60.29,28.82,0
49,65.77,21.5,0
50,67.54,13.7,0
51,64.97,23.84,0
52,70.47,24.44,0
53,68.55,13.2,0
54,133.51,25.83,1
55,68.14,14.02,0
56,71.77,29.21,0
57,112.01,43.67,1
58,68.86,17.61,0
59,71.78,22.4,0
60,127.5,36.79,1
61,74.63,34.81,0
62,64.6,22.96,0
63,69.1,24.14,0
64,64.43,11.18,0
65,130.83,38.57,1
66,69.61,12.02,0
67,63.49,22.22,0
68,70.73,7.18,0
69,76.35,39.71,0
70,67.9,27.56,0
71,64.75,9.8,0
72,128.85,33.87,1
73,68.93,14.65,0
74,62.97,15.65,0
75,123.85,25.62,1
76,129.14,35.38,1
77,69.17,31.13,0
78,63.9,20.35,0
79,65.75,15.42,0
80,66.36,22.67,0
81,144.48,42.76,1
82,65.6,42.13,0
83,70.35,11.47,0
84,131.16,29.26,1
85,128.18,32.29,1
86,128.49,33.39,1
87,67.91,13.97,0
88,128.95,32.81,1
89,67.21,7.45,0
90,71.17,22.69,0
91,143.48,46.41,1
92,67.74,41.89,0
93,128.83,35.71,1
94,71.82,26.78,0
95,68.65,17.7,0
96,70.25,22.08,0
97,71.09,23.78,0
98,131.03,39.06,1
99,139.68,46.01,1
