cx,RAShR,LMS,LTS,MM,RANSAC
8.0,2.007253069682336,2.04675790128351,-0.42054453722354523,-0.6388327930929298,-0.5887933043443099
8.5,2.007253069682336,2.04675790128351,-0.40281733346871834,-0.6247552127002155,-0.5644750241932429
9.0,2.007253069682336,2.04675790128351,-0.38651291080174816,-0.6108964759820225,-0.5419966023692359
9.5,2.007253069682336,2.04675790128351,-0.37146785871664817,-0.5973487551132075,-0.5211688124348923
10.0,2.1117240605829,2.04675790128351,-0.35754268320499244,-0.5841680275475822,-0.5018253687517378
10.5,2.1117240605829,2.04675790128351,-0.3446176185187454,-0.5713857555582635,-0.4838200436425902
11.0,2.1117240605829,2.04675790128351,-0.3325892824904504,-0.559018124204607,-0.46702406712574107
11.5,2.1117240605829,2.04675790128351,-0.32136798522756943,-0.547360617121681,-0.4513238308477291
12.0,2.1117240605829,2.04675790128351,-0.31087554805245965,-0.5366447766717022,-0.43661888611696864
12.5,2.1117240605829,2.04675790128351,-0.30104352403046813,-0.526296934522585,-0.42282021143023085
13.0,2.1117240605829,2.04675790128351,-0.2918117369093048,-0.5163063340282165,-0.4098487195967985
13.5,2.1117240605829,2.04675790128351,-0.28312707429200534,-0.5060300770546865,-0.4073856322484643
14.0,2.1117240605829,2.04675790128351,-0.2749424851505239,-0.4958725446036561,-0.3956150580703125
14.5,2.1117240605829,2.04675790128351,-0.2672161426131041,-0.48608424515284343,-0.3844927196016269
15.0,2.1117240605829,2.04675790128351,-0.25991074122617064,-0.47664981825753344,-0.37396764988433573
15.5,2.1117240605829,2.04675790128351,-0.25299290425138504,-0.4675537074895486,-0.3639939528838971
16.0,2.1117240605829,2.04675790128351,-0.24643268148498418,-0.4585713626912224,-0.35453020802756857
16.5,2.1117240605829,2.04675790128351,-0.24020312192802729,-0.4498027120133659,-0.3455389532304191
17.0,2.1117240605829,2.04675790128351,-0.23427990865072124,-0.44134785154569367,-0.3369862353183573
17.5,2.1117240605829,2.04675790128351,-0.22864104557389495,-0.4331924033593047,-0.3288412183411262
18.0,2.1117240605829,2.04675790128351,-0.22326658778048433,-0.4253224611188981,-0.3210758416498091
18.5,2.1117240605829,2.04675790128351,-0.21813840847878516,-0.41772465493206556,-0.26911993387727223
19.0,2.1117240605829,2.04675790128351,-0.21323999695038498,-0.41038618884560274,-0.30658388540390674
19.5,2.1117240605829,2.04675790128351,-0.20855628279277655,-0.4032948584931926,-0.2575677796246634
20.0,2.1117240605829,2.04675790128351,-0.20407348255873128,-0.39643905447984135,-0.25215160178243884
20.5,2.1117240605829,2.04675790128351,-0.8325964369016315,-0.3699388899827081,-0.2871209513876303
21.0,2.1117240605829,2.04675790128351,-0.810661584417964,-0.3603330155938172,-0.24196815004758504
21.5,2.1117240605829,2.04675790128351,-0.7898507945484688,-0.3510386719868721,-0.237175760185824
22.0,2.1117240605829,2.04675790128351,-0.7700799667038839,-0.3420115192925174,-0.2699620293239499
22.5,2.1117240605829,2.04675790128351,-0.751273172192755,-0.33321131372213125,-0.2646856725407521
23.0,2.1117240605829,2.04675790128351,-0.7333616867687713,-0.324638163042827,-0.25961007281516774
23.5,2.1117240605829,2.04675790128351,-0.7162831572290073,-0.31629875963073495,-0.25472407713391165
24.0,2.1117240605829,2.04675790128351,-0.6999808809149353,-0.3082018427612332,-0.2500173365427255
24.5,2.1117240605829,2.04675790128351,-0.6844031806914244,-0.3003577120881585,-0.24548023564813848
25.0,2.1117240605829,2.04675790128351,-0.6695028609816983,-0.2931344214239234,-0.2411038293313728
25.5,2.1117240605829,2.04675790128351,-0.6552367328700061,-0.28670916043720984,-0.20469312700330686
26.0,2.1117240605829,2.04675790128351,-0.6415651982655804,-0.3252338156097745,-0.2012436347362771
26.5,2.1117240605829,2.04675790128351,-0.628451884742663,-0.5017819544621296,-0.19790773129218936
27.0,2.1117240605829,2.04675790128351,-0.6158633240033139,-0.506588884984356,-0.19467993536985811
27.5,2.1117240605829,2.04675790128351,-0.603768668008513,-0.5038673219889496,-0.4411701594596262
28.0,2.1117240605829,2.04675790128351,-0.5921394377332192,-0.499293293905976,-0.4333595302119657
28.5,2.1117240605829,2.04675790128351,-0.5809493002577676,-0.49397336505322,-0.42581909701077864
29.0,2.1117240605829,2.04675790128351,-0.5701738705394823,-0.48829737780673127,-0.4185351595245921
29.5,2.1117240605829,2.04675790128351,-0.5597905347372439,-0.4823840509625291,-0.41149492260257997
30.0,2.1117240605829,2.04675790128351,-0.5497782924061431,-0.4763222903445935,-0.4089424695851905
30.5,2.1117240605829,2.04675790128351,-0.5401176152540319,-0.4701799241114731,-0.40227885686018905
31.0,2.1117240605829,2.04675790128351,-0.5307903204686141,-0.4640246096055949,-0.39582784393766
31.5,2.1117240605829,2.04675790128351,-0.5217794568925416,-0.4579307471171726,-0.3895794685964518
32.0,2.1117240605829,2.04675790128351,-0.51306920255264,-0.4519123480635372,-0.38352437812449647
32.5,2.1117240605829,2.04675790128351,-0.5046447722445204,-0.4459872428518828,-0.377653783671481
33.0,2.1117240605829,2.04675790128351,-0.49649233404074966,-0.44017707794583877,-0.3719594186185345
33.5,2.1117240605829,2.04675790128351,-0.48859893373394475,-0.43448600419437405,-0.36643350056115603
34.0,2.1117240605829,2.04675790128351,-0.4809524263492999,-0.4289202735592995,-0.36106869654701745
34.5,2.1117240605829,2.04675790128351,-0.4735414139672087,-0.42348189271751013,-0.35585809125003787
35.0,2.1117240605829,2.04675790128351,-0.4663551891883984,-0.4181660124847281,-0.3507951577970605
35.5,2.1117240605829,2.04675790128351,-0.45938368365344984,-0.41296816837200756,-0.3458737309941455
36.0,2.1117240605829,2.04675790128351,-0.45261742109756953,-0.40788423672102425,-0.3410879827265493
36.5,2.1117240605829,2.04675790128351,-0.44604747448149984,-0.4029103947123035,-0.33643239933029623
37.0,2.1117240605829,2.04675790128351,-0.4396654267917778,-0.3980430843351527,-0.3319017607543302
37.5,2.1117240605829,2.04675790128351,-0.43346333514928315,-0.393278980279284,-0.327491121350877
38.0,2.1117240605829,2.04675790128351,-0.42743369790502,-0.38861496160484266,-0.3231957921481796
38.5,2.1117240605829,2.04675790128351,-0.42156942443718876,-0.3840480869706367,-0.319011324474429
39.0,2.1117240605829,2.04675790128351,-0.4158638073944484,-0.37957557315046725,-0.30963115073822856
39.5,2.1117240605829,2.04675790128351,-0.410310497157413,-0.3751947765241158,-0.3057397212907229
40.0,2.1117240605829,2.04675790128351,-0.40490347831438683,-0.37090317725205946,-0.29730080198932013
